{
  "required": true,
  "package": "com.krazzzzymonkey.catalyst.mixin.client",
  "refmap": "mixins.catalyst.refmap.json",
  "compatibilityLevel": "JAVA_8",
  "mixins": [
    "MixinAbstractClientPlayer",
    "MixinAbstractHorse",
    "MixinBlock",
    "MixinBlockFluidRenderer",
    "MixinBlockLiquid",
    "MixinBlockModelRenderer",
    "MixinBlockSlime",
    "MixinBlockSoulSand",
    "MixinBlockWeb",
    "MixinEntity",
    "MixinEntityLlama",
    "MixinEntityPig",
    "MixinEntityPlayer",
    "MixinEntityPlayerSP",
    "MixinEntityRenderer",
    "MixinGuiChat",
    "MixinGuiContainer",
    "MixinGuiPlayerTabOverlay",
    "MixinGuiScreen",
    "MixinItemRenderer",
    "MixinLayerArmorBase",
    "MixinMinecraft",
    "MixinModelEnderCrystal",
    "MixinMovementInputFromOptions",
    "MixinNetworkManager",
    "MixinParticleManager",
    "MixinPlayerControllerMP",
    "MixinRender",
    "MixinRenderEntityItem",
    "MixinRenderItem",
    "MixinRenderLivingBase",
    "MixinRenderPlayer",
    "MixinStateImplementation",
    "MixinWorldClient"
  ]
}